{"0.33847990712479903":{"user_id":1},"0.07657250884346767":{"user_id":1},"0.4224061398511567":{"user_id":1},"0.6001547454417029":{"user_id":1},"0.21844598763911183":{"user_id":1},"0.9144165834164675":{"user_id":1},"0.0445548132347946":{"user_id":1},"0.9539098223078164":{"user_id":2},"0.38852102874622707":{"user_id":2}}